median_delta_seconds,alpha_center,alpha_min,alpha_max,r_factor,model_type
153064494.0,5.91706767478862e-17,5.917067674788613e-19,5.917067674788612e-15,100.0,rayleigh
