median_delta_days,alpha_center,alpha_min,alpha_max,r_factor,model_type
65.38191550925876,0.00032429494313593327,3.2429494313593323e-06,0.03242949431359332,100.0,rayleigh
