median_delta_seconds,alpha_center,alpha_min,alpha_max,r_factor,model_type
153064494.0,4.528464848026384e-09,4.5284648480263816e-11,4.528464848026382e-07,100.0,exponential
