median_delta_days,alpha_center,alpha_min,alpha_max,r_factor,model_type
65.38191550925876,0.010601512286096734,0.00010601512286096734,1.0601512286096733,100.0,exponential
